id_proprietaire,nom,prenom,id_adresse,mot_passe,telephone,mail,photo_profil,date_naissance,civilite
MarLe,Leclerc,Marie,1,$2y$10$/DwlWaZeINEjEESGbV.rH.lCbKMfo7h/yq1RkPDuXv.MnVR2SFi.K,06 12 34 56 78,marie.leclerc@outlook.com,MarLE,03/20/1980,Mme
JDub,Dubois,Jean,2,$2y$10$Dl8UdUsw5oGIzGzk09FkSuoFyxbfiNrbsS5JVlgmlo4eTVVbPGFui,06 23 45 67 89,jean.dubois@gmail.com,JDub,10/11/1975,M
SoMar,Martin,Sophie,3,$2y$10$1xxKRfLhTXzD7Vu1gVlPkeRQ.58moGODBifUKgO2Jk3djTiag4hXi,06 34 56 78 90,sophie.martin@icloud.com,SoMar,07/15/1982,Mme
PiDu,Dupont,Pierre,4,$2y$10$aBJnnz2MDncG9kUCdRRZKexlvIgu4MKDERgYDVIaGXhAZWvQUc4eu,06 45 67 89 01,pierre.dupont@outlook.com,PiDu,05/05/1978,M
ElMo,Morel,Élise,5,$2y$10$7OgOUSi8Yl4KnexHFZbC/OkliFACsE8cNKFq0YR/cDSg/SIUilSfW,06 56 78 90 12,elise.morel@gmail.com,Elmo,09/25/1985,Mme
ThLau,Laurent,Thomas,6,$2y$10$0iqhTMDoJUFzE71IcauUyOs24/fCZWkwp2qRYSsoVjYq7tsrQ.pIy,06 67 89 01 23,thomas.laurent@outlook.com,ThLau,12/30/1973,M
CaGar,Garcia,Camille,7,$2y$10$ktDFDreL3pM2NJZeRDuaj.SiPilDHFmC3r0.S0yRWmHFp.I5.LB8a,06 78 90 12 34,camille.garcia@gmail.com,default,08/03/1976,Mme
LeAle,Lefevre,Alexandre,8,$2y$10$IJFt1ATqhy/z0.5ONnVCUuRBvO/Wa3tWRTshZR1hbktVxmAYuMv8K,06 89 01 23 45,alexandre.lefevre@icloud.com,default,04/18/1970,M
EmRou,Roux,Emma,9,$2y$10$xhOyn.7P0PSc5EIO8JW.4eWXk4ZDvYX2pA8gELsAdXioxuBSye2f2,06 90 12 34 56,emma.roux@gmail.com,default,02/08/1988,Mme
AudFer,Fernandez,Audrey,10,$2y$10$/tJPI10NR.0GB9UoPracjuZKZJ/W3ML6l9oC.nATyIsqCCGZ2P2Oy,06 01 23 45 67,fernandezaudrey@gmail.com,default,06/29/1977,M
ChaDup,Dupont,Charlotte,11,$2y$10$pIOGm6/J/a/bdwmzMFGrRel2hwourvkQcQc7BtqRPg9aqqdO12fOm,612345678,charlotte.dupont@gmail.com,Chadup,10/28/1984,Mme
PaLer,Leroy,Paul,12,$2y$10$FWnTkmSbu8T3ELPBnYQjGeClHgO6//O5Rw09Hf70kkY8XxL2SZjFO,698765432,paul.leroy@yahoo.com,PaLer,08/05/1977,M
SoPet,Petit,Sophie,13,$2y$10$kn.w29dQBiC9zfgBuvF6XeBMwEl6dWtVQ95iKD51PcohAn3aISZLK,745321098,sophie.petit@orange.fr,SoPet,04/19/1989,Mme
ViDub,Dubois,Vincent,14,$2y$10$vKpwxYqrhT7tQ5h3QQBimuMEs.JnVpmeHv1h9TXpw528mpfmPaAeq,654321098,vincent.dubois@gmail.com,default,12/11/1971,M
ClaMar,Martin,Claire,15,$2y$10$y057GERclowGnIkl9cJNt.W9gd3gzOVi9LYr08J1h2FnpiqFrse6u,678901234,claire.martin@outlook.com,ClaMar,07/24/1983,Mme
MarGar,Garcia,Maria,16,$2y$10$QadtKZib6CbjkZwl2Z0qV.2pr2jzx0.KGuvl45zSOGp5KDQgyzwbO,789012345,maria.garcia@icloud.com,default,06/17/1974,M
PiMor,Morel,Pierre,17,$2y$10$qV1iA93I8ftGOZycTJ4tUu2yjteEQRu49SHmqa2SL6fQW5xHeKLsS,623456789,pierre.morel@gmail.com,PiMor,03/08/1991,Mme
MaLef,Lefevre,Marie,18,$2y$10$2leAB4QPibj17FseMo6mh.A7u4k4TBtZ067vjpRup3ZVmFuGyCOyS,634567890,marie.lefevre@gmail.com,default,08/29/1987,M
FrRou,Roussel,François,19,$2y$10$tp39oP5ps1LFvSOOHPKt5.1N7pLupNwg6smAXB.tuSO3zAvSt9j1S,712345678,francois.roussel@outlook.com,FrRou,07/21/1985,Mme
EmLem,Lemoine,Émilie,20,$2y$10$hB/tiVLmXleCMG7zLh0/SuxXUklt0E8auTBEjGU8uIFCYB3mqhbaa,656789012,emilie.lemoine@icloud.com,default,05/13/1980,M